8189	T-Shirt
3766	Sweater
2730	Polos
1182	Polar
1027	T-Shirt|Children's clothing
1005	Softshell
744	Jackets
738	Long sleeve t-shirt
598	Vests
488	T-Shirt|Sportswear
396	Waist pants
377	Sweater|Children's clothing
318	Shirt
282	Pendrives
256	Towel
244	Sportswear
177	Thermoses and thermos mugs
161	Metal pens and writing instrument
151	Umbrellas
147	Notebooks and folders
140	Plastic pens
136	T-Shirt|Sportswear|Children's clothing
131	Bottles
129	Mugs, cups, jugs
128	Workwears vests
109	Eco-friendly bags|Shopping bags, canvas bags
98	Polar|Sweater
95	Polos|Children's clothing
84	Keychains
80	Metal pens and writing instrument|Touch pens
72	Metal pens and writing instrument|Eco-friendly pens
72	Workwears vests|Safety clothings
72	Workwears jackets|Safety clothings
69	Shopping bags, canvas bags
61	CAPS
59	Pants|Sportswear
54	Lighters
47	Baseballcaps
46	Eco-friendly pens
42	Pants
39	Metal pens and writing instrument|Pen sets and pen holders
38	Baseball caps|Baseballcaps
37	Polar|Vests
36	Kitchen accessories
36	Workwears vests|Workwears jackets
35	Cooler bags
35	Gym bags
34	Travel accessories
33	Beach sccessories
33	Pencils and chalks
33	Games|Beach sccessories
32	Beach sccessories|Sunglasses
31	Games
31	Home accessories
29	Backpacks and shoulder bags
29	Long sleeve t-shirt|Children's clothing
28	Powerbanks
27	Mobile accessories
25	Pen sets and pen holders
25	Calculators and clocks
24	Barbecue, picnic and outdoor
24	Workwears polo shirts
23	Multitools
22	Snack and lunch boxes, food containers
21	Pocket knives
20	Plastic pens|Eco-friendly pens
20	Sweater|Jackets|Sportswear
20	Polos|Long sleeve t-shirt
19	Home accessories|Barbecue, picnic and outdoor
19	Eco-friendly pens|Touch pens
19	Kitchen accessories|Barbecue, picnic and outdoor
18	Sweater|Jackets
17	Travel and sports bags
17	Paper cutters
17	Flashlights
16	Speakers
15	Home accessories|Desktop accessories
15	Backpacks and shoulder bags|Document bags, laptop bags
15	Polos|Sportswear
14	Sets and drinking accessories|Wine, bar
14	Bottle opener, glass opener|Keychains
14	Knives and cutting boards
13	Mobile accessories|Desktop accessories
13	Hip flasks
12	Games|Desktop accessories
12	Raincoats
12	Plastic pens|Touch pens
12	Gym bags|Eco-friendly bags
11	Metal pens and writing instrument|Eco-friendly pens|Pen sets and pen holders
11	Metal pens and writing instrument|Plastic pens|Eco-friendly pens
11	Desktop accessories
11	Bottles|Sports and fitness accessories
11	Accessories
10	Earphones and headphones
10	Cosmetic accessories
10	Sunglasses
10	Gym bags|Cooler bags
10	Drinking straws
10	Mugs, cups, jugs|Thermoses and thermos mugs
9	Highlighters
9	Travel accessories|Cosmetic accessories
9	Measuring tapes and foldig rules
9	Bottle opener, glass opener
9	Document bags, laptop bags
9	Long sleeve t-shirt|Sportswear
9	Workwears sweatshirts
9	Jackets|Towel
8	Shopping bags, canvas bags|Beach sccessories
8	Barbecue, picnic and outdoor|Accessories
8	Mugs, cups, jugs|Wine, bar
8	Cooler bags|Eco-friendly bags
8	Eco-friendly pens|Pen sets and pen holders
8	Business card holders|Notebooks and folders
7	Sets and drinking accessories
7	Backpacks and shoulder bags|Document bags, laptop bags|Travel and sports bags
7	Eco-friendly bags|Cosmetic accessories
7	Kitchen accessories|Lighters
7	Wireless chargers
7	Gift bags
7	Multitools|Pocket knives
6	Games|Pencils and chalks
6	Salt and pepper mills
6	Wireless chargers|Desktop accessories
6	Eco-friendly bags|Gift bags
6	Sports and fitness accessories|Towel
6	Backpacks and shoulder bags|Eco-friendly bags
6	Keychains|Measuring tapes and foldig rules
6	Mobile accessories|Bottle opener, glass opener|Keychains
6	Car accessories|Ice scrapers
6	Mugs, cups, jugs|Kitchen accessories
6	Powerbanks|Wireless chargers
5	Money boxes
5	Kitchen accessories|Knives and cutting boards
5	Eco-friendly bags|Shopping bags, canvas bags|Beach sccessories
5	Games|Sports and fitness accessories
5	Keychains|Security accessories
5	Highlighters|Plastic pens|Touch pens
5	Security accessories|Sports and fitness accessories
5	Bicycle accessories|Multitools
5	Pants|Shorts
4	Travel accessories|Mobile accessories
4	Backpacks and shoulder bags|Travel and sports bags
4	Keychains|Multitools
4	Business card holders
4	Money boxes|Desktop accessories
4	Sports and fitness accessories
4	Metal pens and writing instrument|Eco-friendly pens|Touch pens
4	Bicycle accessories
4	Backpacks and shoulder bags|Barbecue, picnic and outdoor
4	Powerbanks|Notebooks and folders
4	Notebooks and folders|Metal pens and writing instrument
4	Mugs, cups, jugs|Sets and drinking accessories|Wine, bar
3	Plastic pens|Paper cutters
3	Travel accessories|Keychains
3	Belt bags
3	Mobile accessories|Business card holders
3	Cooler bags|Shopping bags, canvas bags|Beach sccessories
3	Car accessories|Security accessories
3	Calculators and clocks|Desktop accessories
3	Cosmetic accessories|Home accessories
3	Glass trophies and paperweights
3	Travel and sports bags|Beach sccessories
3	Cooler bags|Shopping bags, canvas bags
3	Backpacks and shoulder bags|Waterproof bags|Beach sccessories
3	Mobile accessories|Notebooks and folders
3	Travel accessories|Barbecue, picnic and outdoor
3	Bottle opener, glass opener|Multitools|Pocket knives
3	Shorts
3	Waist pants|Safety clothings
3	Cloaks
3	Overalls
2	Beach sccessories|Sunglasses|Bicycle accessories
2	Backpacks and shoulder bags|Document bags, laptop bags|Eco-friendly bags|Travel and sports bags
2	Sets and drinking accessories|Sports and fitness accessories
2	Sets and drinking accessories|Kitchen accessories
2	Home accessories|Barbecue, picnic and outdoor|Desktop accessories
2	Backpacks and shoulder bags|Travel and sports bags|Security accessories|Sports and fitness accessories|Bicycle accessories
2	Backpacks and shoulder bags|Document bags, laptop bags|Eco-friendly bags
2	Travel accessories|Home accessories|Barbecue, picnic and outdoor
2	Eco-friendly bags|Travel and sports bags
2	Backpacks and shoulder bags|Cooler bags
2	Waterproof bags|Travel and sports bags
2	Travel accessories|Cosmetic accessories|Home accessories
2	Keychains|Business card holders
2	Security accessories|Bicycle accessories
2	Bottle opener, glass opener|Wine, bar
2	Mobile accessories|Keychains
2	Travel and sports bags|Travel accessories
2	Bottles|Thermoses and thermos mugs
2	Barbecue, picnic and outdoor|Pocket knives
2	Travel accessories|Mobile accessories|Powerbanks
2	Speakers|Wireless chargers
2	Mobile accessories|Wireless chargers
2	Sets and drinking accessories|Snack and lunch boxes, food containers
2	Mobile accessories|Sports and fitness accessories
2	Travel and sports bags|Sports and fitness accessories|Bicycle accessories
2	Barbecue, picnic and outdoor|Flashlights
2	Barbecue, picnic and outdoor|Towel
1	Desktop accessories|Notebooks and folders
1	Mobile accessories|Home accessories|Keychains
1	Home accessories|Calculators and clocks|Desktop accessories
1	Travel accessories|Home accessories|Beach sccessories|Desktop accessories
1	Travel accessories|Mobile accessories|Home accessories
1	Powerbanks|Wireless chargers|Desktop accessories
1	Home accessories|Sports and fitness accessories|Beach sccessories
1	Cooler bags|Beach sccessories
1	Thermoses and thermos mugs|Barbecue, picnic and outdoor
1	Sets and drinking accessories|Kitchen accessories|Wine, bar
1	Keychains|Pocket knives
1	Bottle opener, glass opener|Security accessories|Multitools
1	Car accessories|Mobile accessories
1	Car accessories|Flashlights
1	Speakers|Wireless chargers|Home accessories|Desktop accessories
1	Home accessories|Notebooks and folders
1	Hip flasks|Keychains
1	Home accessories|Desktop accessories|Notebooks and folders
1	Security accessories|Barbecue, picnic and outdoor|Sports and fitness accessories|Bicycle accessories|Accessories
1	Kitchen accessories|Games|Accessories|Children's clothing
1	Travel accessories|Earphones and headphones
1	Eco-friendly bags|Shopping bags, canvas bags|Car accessories|Travel accessories
1	Travel accessories|Wireless chargers
1	Document bags, laptop bags|Eco-friendly bags
1	Waterproof bags|Travel and sports bags|Beach sccessories
1	Gym bags|Security accessories|Sports and fitness accessories|Bicycle accessories
1	Backpacks and shoulder bags|Waterproof bags
1	Car accessories
1	Touch pens
1	Desktop accessories|Pen sets and pen holders
1	Gym bags|Games|Pencils and chalks
1	Barbecue, picnic and outdoor|Bicycle accessories|Flashlights
1	Travel accessories|Home accessories|Desktop accessories
1	Metal pens and writing instrument|Plastic pens
1	Pencils and chalks|Highlighters
1	Keychains|Flashlights
1	Belt bags|Security accessories|Sports and fitness accessories
1	Laser pointers|Metal pens and writing instrument
1	Pencils and chalks|Pen sets and pen holders
1	Travel accessories|Bicycle accessories|Multitools
1	Security accessories|Baseball caps|Baseballcaps|Children's clothing
1	Bottle opener, glass opener|Flashlights
1	Wireless chargers|Calculators and clocks
1	Sets and drinking accessories|Bottle opener, glass opener
1	Mugs, cups, jugs|Barbecue, picnic and outdoor
1	Eco-friendly bags|Shopping bags, canvas bags|Games
1	Paper cutters|Multitools
1	Travel accessories|Knives and cutting boards
1	Car accessories|Barbecue, picnic and outdoor
1	Speakers|Wireless chargers|Calculators and clocks
1	Gym bags|Eco-friendly bags|Beach sccessories
1	Belt bags|Eco-friendly bags
1	Shopping bags, canvas bags|Games
1	Security accessories|Baseball caps|Baseballcaps
1	Shopping bags, canvas bags|Gift bags|Beach sccessories
1	Desktop accessories|Glass trophies and paperweights
1	Thermoses and thermos mugs|Sets and drinking accessories|Snack and lunch boxes, food containers
1	Games|Sports and fitness accessories|Beach sccessories
1	Flashlights|Multitools
1	Home accessories|Desktop accessories|Flashlights
1	Travel accessories|Business card holders
1	Kitchen accessories|Wine, bar
1	Calculators and clocks|Glass trophies and paperweights
1	Shopping bags, canvas bags|Car accessories
1	Beach sccessories|Towel
1	Eco-friendly pens|Pen sets and pen holders|Touch pens
1	Mugs, cups, jugs|Drinking dispensers|Kitchen accessories
1	Sports and fitness accessories|Calculators and clocks
1	Backpacks and shoulder bags|Belt bags|Document bags, laptop bags
1	Sports and fitness accessories|Bicycle accessories
1	Travel accessories|Sports and fitness accessories
1	Kitchen accessories|Snack and lunch boxes, food containers
1	Home accessories|Barbecue, picnic and outdoor|Flashlights
1	Sets and drinking accessories|Bottle opener, glass opener|Wine, bar
1	Pencils and chalks|Metal pens and writing instrument
1	Business card holders|Pen sets and pen holders|Touch pens
1	Backpacks and shoulder bags|Security accessories|Bicycle accessories
1	Barbecue, picnic and outdoor|Sports and fitness accessories
1	Thermoses and thermos mugs|Snack and lunch boxes, food containers
1	Bicycle accessories|Multitools|Pocket knives
1	Belt bags|Sports and fitness accessories
1	Lighters|Barbecue, picnic and outdoor
1	Vests|Children's clothing
1	Polar|Sweater|Children's clothing
1	Kitchen accessories|Home accessories
